Workbook

Sheet Athelets Data
A1: Athlete ID | B1: Name | C1: Sport | D1: Level | E1: Date of Joining | F1: Monthly Salary | G1: Matches Won | H1: Status | I1: Sponsorship Value | J1: Performance Category | K1: Contract
A2: ATH-001 | B2: Liam Carter | C2: Football | D2: A | E2: 43477 | F2: 120000 | G2: 18 | H2: Active | I2: =_xlfn.XLOOKUP(C2,Sponsorships!$A$2:$A$6,Sponsorships!$B$2:$B$6,"Not Found") -> 100000 | J2: =IF(AND(H2="Active",G2>10),"Star","Under Review") -> Star | K2: =IF(AND(H2="Injured",G2<5),"Review Contract","Keep Player") -> Keep Player
A3: ATH-002 | B3: Emma Radu | C3: Tennis | D3: A | E3: 43895 | F3: 95000 | G3: 25 | H3: Active | I3: =_xlfn.XLOOKUP(C3,Sponsorships!$A$2:$A$6,Sponsorships!$B$2:$B$6,"Not Found") -> 70000 | J3: =IF(AND(H3="Active",G3>10),"Star","Under Review") -> Star | K3: =IF(AND(H3="Injured",G3<5),"Review Contract","Keep Player") -> Keep Player
A4: ATH-003 | B4: Noah Vance | C4: Basketball | D4: B | E4: 44430 | F4: 45000 | G4: 14 | H4: Active | I4: =_xlfn.XLOOKUP(C4,Sponsorships!$A$2:$A$6,Sponsorships!$B$2:$B$6,"Not Found") -> 85000 | J4: =IF(AND(H4="Active",G4>10),"Star","Under Review") -> Star | K4: =IF(AND(H4="Injured",G4<5),"Review Contract","Keep Player") -> Keep Player
A5: ATH-004 | B5: Olivia Pen | C5: Swimming | D5: C | E5: 44967 | F5: 8500 | G5: 12 | H5: Active | I5: =_xlfn.XLOOKUP(C5,Sponsorships!$A$2:$A$6,Sponsorships!$B$2:$B$6,"Not Found") -> 15000 | J5: =IF(AND(H5="Active",G5>10),"Star","Under Review") -> Star | K5: =IF(AND(H5="Injured",G5<5),"Review Contract","Keep Player") -> Keep Player
A6: ATH-005 | B6: Lucas Trent | C6: Esports | D6: A | E6: 44150 | F6: 110000 | G6: 4 | H6: Injured | I6: =_xlfn.XLOOKUP(C6,Sponsorships!$A$2:$A$6,Sponsorships!$B$2:$B$6,"Not Found") -> 90000 | J6: =IF(AND(H6="Active",G6>10),"Star","Under Review") -> Under Review | K6: =IF(AND(H6="Injured",G6<5),"Review Contract","Keep Player") -> Review Contract
A7: ATH-006 | B7: Mia Wong | C7: Football | D7: B | E7: 44772 | F7: 35000 | G7: 20 | H7: Active | I7: =_xlfn.XLOOKUP(C7,Sponsorships!$A$2:$A$6,Sponsorships!$B$2:$B$6,"Not Found") -> 100000 | J7: =IF(AND(H7="Active",G7>10),"Star","Under Review") -> Star | K7: =IF(AND(H7="Injured",G7<5),"Review Contract","Keep Player") -> Keep Player
A8: ATH-007 | B8: Ethan Hunt | C8: Tennis | D8: A | E8: 43238 | F8: 130000 | G8: 2 | H8: Injured | I8: =_xlfn.XLOOKUP(C8,Sponsorships!$A$2:$A$6,Sponsorships!$B$2:$B$6,"Not Found") -> 70000 | J8: =IF(AND(H8="Active",G8>10),"Star","Under Review") -> Under Review | K8: =IF(AND(H8="Injured",G8<5),"Review Contract","Keep Player") -> Review Contract
A9: ATH-008 | B9: Ava Smith | C9: Basketball | D9: C | E9: 45540 | F9: 12000 | G9: 8 | H9: Active | I9: =_xlfn.XLOOKUP(C9,Sponsorships!$A$2:$A$6,Sponsorships!$B$2:$B$6,"Not Found") -> 85000 | J9: =IF(AND(H9="Active",G9>10),"Star","Under Review") -> Under Review | K9: =IF(AND(H9="Injured",G9<5),"Review Contract","Keep Player") -> Keep Player
A10: ATH-009 | B10: Mason Ray | C10: Esports | D10: C | E10: 45210 | F10: 5000 | G10: 35 | H10: Active | I10: =_xlfn.XLOOKUP(C10,Sponsorships!$A$2:$A$6,Sponsorships!$B$2:$B$6,"Not Found") -> 90000 | J10: =IF(AND(H10="Active",G10>10),"Star","Under Review") -> Star | K10: =IF(AND(H10="Injured",G10<5),"Review Contract","Keep Player") -> Keep Player
A11: ATH-010 | B11: Sophia Lee | C11: Football | D11: A | E11: 43516 | F11: 140000 | G11: 3 | H11: Retired | I11: =_xlfn.XLOOKUP(C11,Sponsorships!$A$2:$A$6,Sponsorships!$B$2:$B$6,"Not Found") -> 100000 | J11: =IF(AND(H11="Active",G11>10),"Star","Under Review") -> Under Review | K11: =IF(AND(H11="Injured",G11<5),"Review Contract","Keep Player") -> Keep Player
A12: ATH-011 | B12: Logan Fox | C12: Swimming | D12: B | E12: 44361 | F12: 28000 | G12: 15 | H12: Active | I12: =_xlfn.XLOOKUP(C12,Sponsorships!$A$2:$A$6,Sponsorships!$B$2:$B$6,"Not Found") -> 15000 | J12: =IF(AND(H12="Active",G12>10),"Star","Under Review") -> Star | K12: =IF(AND(H12="Injured",G12<5),"Review Contract","Keep Player") -> Keep Player
A13: ATH-012 | B13: Harper Day | C13: Esports | D13: B | E13: 44904 | F13: 42000 | G13: 19 | H13: Active | I13: =_xlfn.XLOOKUP(C13,Sponsorships!$A$2:$A$6,Sponsorships!$B$2:$B$6,"Not Found") -> 90000 | J13: =IF(AND(H13="Active",G13>10),"Star","Under Review") -> Star | K13: =IF(AND(H13="Injured",G13<5),"Review Contract","Keep Player") -> Keep Player
... A51: ATH-050 | B51: Cora Beck | C51: Tennis | D51: C | E51: 45628 | F51: 9500 | G51: 7 | H51: Active | I51: =_xlfn.XLOOKUP(C51,Sponsorships!$A$2:$A$6,Sponsorships!$B$2:$B$6,"Not Found") -> 70000 | J51: =IF(AND(H51="Active",G51>10),"Star","Under Review") -> Under Review | K51: =IF(AND(H51="Injured",G51<5),"Review Contract","Keep Player") -> Keep Player

Sheet Sponsorships
A1: Sport | B1: SponsorShip Value
A2: Football | B2: 100000
A3: Basketball | B3: 85000
A4: Tennis | B4: 70000
A5: Esports | B5: 90000
A6: Swimming | B6: 15000

Sheet sheet3
A1: Sport | B1: Count of Athlete ID
A2: Basketball | B2: 10
A3: Esports | B3: 10
A4: Football | B4: 11
A5: Swimming | B5: 9
A6: Tennis | B6: 10
A7: Grand Total | B7: 50
AJ8: Status | AK8: Count of Athlete ID
AJ9: Active | AK9: 40
AJ10: Injured | AK10: 7
AJ11: Grand Total | AK11: 47
O19: Sport | P19: Sum of Sponsorship Value | Q19: Sum of Monthly Salary
O20: Basketball | P20: 850000 | Q20: 591000
O21: Esports | P21: 900000 | Q21: 614500
O22: Football | P22: 1100000 | Q22: 802000
O23: Swimming | P23: 135000 | Q23: 390000
O24: Tennis | P24: 700000 | Q24: 617500
O25: Grand Total | P25: 3685000 | Q25: 3015000

Sheet Charts
A1: Charts

Sheet Detective
G2: Years | H2: Date of Joining | I2: Count of Athlete ID
A3: Sport | B3: Sum of Monthly Salary | C3: Sum of Sponsorship Value | G3: 2018 | I3: 5
A4: Basketball | B4: 591000 | C4: 850000 | G4: 2019 | I4: 7
A5: Esports | B5: 614500 | C5: 900000 | G5: 2020 | I5: 6
A6: Football | B6: 802000 | C6: 1100000 | G6: 2021 | I6: 9
A7: Swimming | B7: 390000 | C7: 135000 | G7: 2022 | I7: 8
A8: Tennis | B8: 617500 | C8: 700000 | G8: 2023 | I8: 6
A9: Grand Total | B9: 3015000 | C9: 3685000 | G9: 2024 | I9: 7
G10: 2025 | I10: 2
G11: Grand Total | I11: 50
